UserID,FirstName,Surname,Name,Email,PhoneNumber
1,First1,Last1,First1 Last1,user1@example.com,+1-555-759-2754
2,First2,Last2,First2 Last2,user2@example.com,+1-555-164-8011
3,First3,Last3,First3 Last3,user3@example.com,+1-555-806-7098
4,First4,Last4,First4 Last4,user4@example.com,+1-555-376-8351
5,First5,Last5,First5 Last5,user5@example.com,+1-555-138-8231
6,First6,Last6,First6 Last6,user6@example.com,+1-555-545-8680
7,First7,Last7,First7 Last7,user7@example.com,+1-555-609-5563
8,First8,Last8,First8 Last8,user8@example.com,+1-555-329-1845
9,First9,Last9,First9 Last9,user9@example.com,+1-555-993-8855
10,First10,Last10,First10 Last10,user10@example.com,+1-555-399-2414
11,First11,Last11,First11 Last11,user11@example.com,+1-555-805-6617
12,First12,Last12,First12 Last12,user12@example.com,+1-555-599-8235
13,First13,Last13,First13 Last13,user13@example.com,+1-555-570-1644
14,First14,Last14,First14 Last14,user14@example.com,+1-555-591-8584
15,First15,Last15,First15 Last15,user15@example.com,+1-555-331-6075
16,First16,Last16,First16 Last16,user16@example.com,+1-555-532-3769
17,First17,Last17,First17 Last17,user17@example.com,+1-555-283-8245
18,First18,Last18,First18 Last18,user18@example.com,+1-555-140-8341
19,First19,Last19,First19 Last19,user19@example.com,+1-555-896-1109
20,First20,Last20,First20 Last20,user20@example.com,+1-555-279-8439
21,First21,Last21,First21 Last21,user21@example.com,+1-555-709-8894
22,First22,Last22,First22 Last22,user22@example.com,+1-555-331-5295
23,First23,Last23,First23 Last23,user23@example.com,+1-555-638-2864
24,First24,Last24,First24 Last24,user24@example.com,+1-555-443-5830
25,First25,Last25,First25 Last25,user25@example.com,+1-555-105-8163
26,First26,Last26,First26 Last26,user26@example.com,+1-555-461-6850
27,First27,Last27,First27 Last27,user27@example.com,+1-555-157-6472
28,First28,Last28,First28 Last28,user28@example.com,+1-555-348-1987
29,First29,Last29,First29 Last29,user29@example.com,+1-555-441-2360
30,First30,Last30,First30 Last30,user30@example.com,+1-555-113-4235
31,First31,Last31,First31 Last31,user31@example.com,+1-555-858-1877
32,First32,Last32,First32 Last32,user32@example.com,+1-555-235-7222
33,First33,Last33,First33 Last33,user33@example.com,+1-555-637-5446
34,First34,Last34,First34 Last34,user34@example.com,+1-555-201-2255
35,First35,Last35,First35 Last35,user35@example.com,+1-555-635-9845
36,First36,Last36,First36 Last36,user36@example.com,+1-555-859-2414
37,First37,Last37,First37 Last37,user37@example.com,+1-555-341-2708
38,First38,Last38,First38 Last38,user38@example.com,+1-555-224-3337
39,First39,Last39,First39 Last39,user39@example.com,+1-555-119-8090
40,First40,Last40,First40 Last40,user40@example.com,+1-555-202-2348
41,First41,Last41,First41 Last41,user41@example.com,+1-555-448-9677
42,First42,Last42,First42 Last42,user42@example.com,+1-555-107-9986
43,First43,Last43,First43 Last43,user43@example.com,+1-555-212-9229
44,First44,Last44,First44 Last44,user44@example.com,+1-555-358-3932
45,First45,Last45,First45 Last45,user45@example.com,+1-555-387-6306
46,First46,Last46,First46 Last46,user46@example.com,+1-555-304-3957
47,First47,Last47,First47 Last47,user47@example.com,+1-555-996-4029
48,First48,Last48,First48 Last48,user48@example.com,+1-555-609-3901
49,First49,Last49,First49 Last49,user49@example.com,+1-555-624-2480
50,First50,Last50,First50 Last50,user50@example.com,+1-555-936-2651
51,First51,Last51,First51 Last51,user51@example.com,+1-555-623-7528
52,First52,Last52,First52 Last52,user52@example.com,+1-555-999-8203
53,First53,Last53,First53 Last53,user53@example.com,+1-555-414-2788
54,First54,Last54,First54 Last54,user54@example.com,+1-555-672-5587
55,First55,Last55,First55 Last55,user55@example.com,+1-555-667-1071
56,First56,Last56,First56 Last56,user56@example.com,+1-555-718-9761
57,First57,Last57,First57 Last57,user57@example.com,+1-555-706-1878
58,First58,Last58,First58 Last58,user58@example.com,+1-555-117-6051
59,First59,Last59,First59 Last59,user59@example.com,+1-555-768-5310
60,First60,Last60,First60 Last60,user60@example.com,+1-555-702-4233
61,First61,Last61,First61 Last61,user61@example.com,+1-555-566-9975
62,First62,Last62,First62 Last62,user62@example.com,+1-555-523-8116
63,First63,Last63,First63 Last63,user63@example.com,+1-555-625-7329
64,First64,Last64,First64 Last64,user64@example.com,+1-555-468-9052
65,First65,Last65,First65 Last65,user65@example.com,+1-555-634-8217
66,First66,Last66,First66 Last66,user66@example.com,+1-555-940-8532
67,First67,Last67,First67 Last67,user67@example.com,+1-555-740-9930
68,First68,Last68,First68 Last68,user68@example.com,+1-555-166-9487
69,First69,Last69,First69 Last69,user69@example.com,+1-555-124-9911
70,First70,Last70,First70 Last70,user70@example.com,+1-555-750-3447
71,First71,Last71,First71 Last71,user71@example.com,+1-555-304-9187
72,First72,Last72,First72 Last72,user72@example.com,+1-555-594-5144
73,First73,Last73,First73 Last73,user73@example.com,+1-555-840-3544
74,First74,Last74,First74 Last74,user74@example.com,+1-555-583-6137
75,First75,Last75,First75 Last75,user75@example.com,+1-555-579-5245
76,First76,Last76,First76 Last76,user76@example.com,+1-555-107-6880
77,First77,Last77,First77 Last77,user77@example.com,+1-555-921-4889
78,First78,Last78,First78 Last78,user78@example.com,+1-555-276-9510
79,First79,Last79,First79 Last79,user79@example.com,+1-555-505-8938
80,First80,Last80,First80 Last80,user80@example.com,+1-555-634-2048
81,First81,Last81,First81 Last81,user81@example.com,+1-555-568-9892
82,First82,Last82,First82 Last82,user82@example.com,+1-555-133-2779
83,First83,Last83,First83 Last83,user83@example.com,+1-555-909-5847
84,First84,Last84,First84 Last84,user84@example.com,+1-555-328-1943
85,First85,Last85,First85 Last85,user85@example.com,+1-555-649-2575
86,First86,Last86,First86 Last86,user86@example.com,+1-555-130-1163
87,First87,Last87,First87 Last87,user87@example.com,+1-555-127-5508
88,First88,Last88,First88 Last88,user88@example.com,+1-555-334-6912
89,First89,Last89,First89 Last89,user89@example.com,+1-555-241-7428
90,First90,Last90,First90 Last90,user90@example.com,+1-555-939-6350
91,First91,Last91,First91 Last91,user91@example.com,+1-555-209-5685
92,First92,Last92,First92 Last92,user92@example.com,+1-555-257-2408
93,First93,Last93,First93 Last93,user93@example.com,+1-555-743-3201
94,First94,Last94,First94 Last94,user94@example.com,+1-555-939-7910
95,First95,Last95,First95 Last95,user95@example.com,+1-555-658-1629
96,First96,Last96,First96 Last96,user96@example.com,+1-555-321-4161
97,First97,Last97,First97 Last97,user97@example.com,+1-555-586-8046
98,First98,Last98,First98 Last98,user98@example.com,+1-555-930-8374
99,First99,Last99,First99 Last99,user99@example.com,+1-555-161-4158
100,First100,Last100,First100 Last100,user100@example.com,+1-555-735-8722
