UserID,Experiences,Description
2,Experience for User2,Worker2 description
3,Experience for User3,Worker3 description
4,Experience for User4,Worker4 description
5,Experience for User5,Worker5 description
6,Experience for User6,Worker6 description
7,Experience for User7,Worker7 description
8,Experience for User8,Worker8 description
9,Experience for User9,Worker9 description
10,Experience for User10,Worker10 description
12,Experience for User12,Worker12 description
13,Experience for User13,Worker13 description
16,Experience for User16,Worker16 description
17,Experience for User17,Worker17 description
18,Experience for User18,Worker18 description
19,Experience for User19,Worker19 description
20,Experience for User20,Worker20 description
21,Experience for User21,Worker21 description
24,Experience for User24,Worker24 description
25,Experience for User25,Worker25 description
28,Experience for User28,Worker28 description
30,Experience for User30,Worker30 description
32,Experience for User32,Worker32 description
33,Experience for User33,Worker33 description
34,Experience for User34,Worker34 description
35,Experience for User35,Worker35 description
36,Experience for User36,Worker36 description
38,Experience for User38,Worker38 description
39,Experience for User39,Worker39 description
41,Experience for User41,Worker41 description
43,Experience for User43,Worker43 description
44,Experience for User44,Worker44 description
45,Experience for User45,Worker45 description
46,Experience for User46,Worker46 description
47,Experience for User47,Worker47 description
48,Experience for User48,Worker48 description
49,Experience for User49,Worker49 description
50,Experience for User50,Worker50 description
52,Experience for User52,Worker52 description
53,Experience for User53,Worker53 description
54,Experience for User54,Worker54 description
55,Experience for User55,Worker55 description
56,Experience for User56,Worker56 description
57,Experience for User57,Worker57 description
58,Experience for User58,Worker58 description
59,Experience for User59,Worker59 description
60,Experience for User60,Worker60 description
61,Experience for User61,Worker61 description
62,Experience for User62,Worker62 description
63,Experience for User63,Worker63 description
64,Experience for User64,Worker64 description
65,Experience for User65,Worker65 description
66,Experience for User66,Worker66 description
67,Experience for User67,Worker67 description
68,Experience for User68,Worker68 description
69,Experience for User69,Worker69 description
71,Experience for User71,Worker71 description
72,Experience for User72,Worker72 description
73,Experience for User73,Worker73 description
75,Experience for User75,Worker75 description
77,Experience for User77,Worker77 description
78,Experience for User78,Worker78 description
79,Experience for User79,Worker79 description
80,Experience for User80,Worker80 description
81,Experience for User81,Worker81 description
83,Experience for User83,Worker83 description
85,Experience for User85,Worker85 description
86,Experience for User86,Worker86 description
87,Experience for User87,Worker87 description
89,Experience for User89,Worker89 description
90,Experience for User90,Worker90 description
91,Experience for User91,Worker91 description
92,Experience for User92,Worker92 description
93,Experience for User93,Worker93 description
94,Experience for User94,Worker94 description
95,Experience for User95,Worker95 description
96,Experience for User96,Worker96 description
97,Experience for User97,Worker97 description
98,Experience for User98,Worker98 description
99,Experience for User99,Worker99 description
100,Experience for User100,Worker100 description
